product_name,rating,review_text,has_mutenka,has_sunham,has_jageuk,jageuk_context
일리윤 바디로션 대용량 무향 세라마이드 아토 580ml+300ml,5,"가장 스테디하면서 베스트라고 할 수 있는 제품이
바로 일리윤 아토 시리즈 입니다
몇 년 전에 이 제품을 알고 꾸준히 사용하다가
잠시 다른 제품으로 가기도 했었으나
결국 저의 돌아올 곳은 여기네요

패밀리 제품으로 아이 제품으로 추천드려요
이 로션의 주 사용층은
현재 10살, 7살 삼남매 입니다
가끔 저나 남편도 사용하고 있고요
삼남매는 사용한 지 5년은 된 것 같습니다

♡♡♡

믿을만한 기업, 친환경 포장,
착한 가격, 다양한 용량, 여러 제품 형태,
발림성, 무향, 보습력

점수를 주고 싶은 부분이 굉장히 많아요

저는 여름에는 뿌리는 제형도 쓰고
겨울에는 크림 제형도 쓰지만
사계절 빼놓지 않고 꾸준히 쓰는 건
역시 로션입니다

♡♡♡

580ml는 대용량이라 가성비 좋고
여러명 쓰는 집에 좋아요
다만 처음에는 무거워
떨어뜨리거나 하지 않도록
주의가 필요합니다

300ml는 절반 정도로 가벼워 휴대성이
상대적으로 좋고, 가정내 제품 순환이 빨라 좋아요

유통기한은 각각 26년 12월 7일과 18일로
구입시점인 24년 2월 기준으로 매우 넉넉합니다

♡♡♡

뒷면 스티커에 나온대로
사용중 펌프를 열지 않고
되도록 끝까지 펌프해서 쓰고
10번 이상 펌프시에도 안 나오면
그 때 열어서 소량 남은 것을 훑어쓰면 됩니다

분리수거는 스티커 안내사항대로 하면 되고요
배송시 포장재도 종이 완충재라
받을 때마다 기분이 좋아요

♡♡♡

무향이라 부담없고
부드럽게 잘 발리며, 흡수도 빠른 편이어서
금방 촉촉해지지만 번들거리지 않아 좋아요

아직은 아이들이 10살, 7살이라
몸은 물론 얼굴까지 발라주고 있고요

사춘기 무렵 정도부터는
얼굴만 다른 것으로 발라줄 지
그 때 피부 상태 보고 결정해야 겠어요

여튼 미취학 아주 어린 아기부터
초등학생까지 강력 추천이고요

패밀리 로션으로도 좋기에
중.고등학생 바디 로션으로도 좋을 거 같네요",False,False,False,
일리윤 바디로션 대용량 무향 세라마이드 아토 580ml+300ml,5,"일리윤 세라마이드 아토로션🧴은 신생아👶부터 성인👵🧓까지 다 사용할수 있는 순한 바디로션🧴이랍니다~~많은 바디로션 발라봤지만 일리윤 바디로션이 질감도 촉촉해서 잘 스며들고 가성비 넘 좋아서💯 바디로션 다 써가면 무조건 일리윤으로 재구매하고 있어요~~👍👍펌프형이라 아이들도 잘 눌러서 사용할 수 있답니당~~😁 저는 9살👦,6살🧒 두아들맘인데 동영상은 6살 아들이 직접 사용해본거 찍어서 올려봤어용~ ㅋㅋ 혼자서  😆🤣 다리,🦵발🦶, 팔💪, 얼굴🧒  에다 로션🧴 듬뿍듬뿍 짜서 바르는모습이 넘 귀엽지 않나요? 😍😝 😂
바디로션 대용량은 저🧏‍♀️랑 남편🧏‍♂️이~ 중용량은 두아들👬이 사용중이랍니다~~ 사은품으로 받은 일리윤 저자극 이지워시 선크림도 PA++++ 자외선 차단 최고👍라 잘 쓸것같아요~~😊🫶 바디로션 찾으시는분들은 일리윤 바디로션 꼭 구매해보셨음 좋겠어요~~ 후회안하실거예요~ 넘 촉촉~~!! 😃부드러워요~~ 장바구니🛒 담아 꼭 구매🛍하시길 추천합니다~~",False,True,True,자극없음(긍정)
일리윤 바디로션 대용량 무향 세라마이드 아토 580ml+300ml,5,"얼굴부터 몸 구석구석 바를 수 있는 로션입니다.
세타필을 시작으로 찾고 찾고 또 찾다가,
올xx영에서 직접 발라보기도 해서 여기에 정착했습니다.

발림성 부드럽고, 향은 무향에 가까운 어떤 향이 있습니다. 향을 원하는 사람에겐 맞지 않지만, 보습과 순함, 그리고 사용성을 지향하는 사람에겐 딱 맞습니다.

두고두고 쓸 화장품.

+로 들어온 썬크림도 부드럽고, 지속력도 좋고, 씻김성도 좋다하니 기대해보겠습니다.",False,False,False,
일리윤 바디로션 대용량 무향 세라마이드 아토 580ml+300ml,5,"얼굴은 물론 몸 피부도 너무 건조해서 샤워후 꼭 보습이 필요한 타입인데, 그렇다고 너무 과한 유분기가 느껴지고 끈적거리는 제형은 쓰기 불편하더라구요ㅜㅜ 일리윤 제품은 몇년째 꾸준히 사용하고 있지만 건조한 피부는 확실히 촉촉하게 마무리해주면서도 발림성도 부드럽고 끈적임이 남지 않아 정말 잘 사용하고 있습니다",False,False,False,
일리윤 바디로션 대용량 무향 세라마이드 아토 580ml+300ml,5,"저희집은 워시부터 로션까지 ,
그리고 ,
엄마아빠부터 아기들까지 ,
모두 일리윤을 사용하고 있어요

둘째아기는 건조한 겨울에 피부가 예민해지는
편인데 일리윤 사용하고나서는 
전혀 문제가 생기지 않았어요
목욕하고 추운 겨울이라 온몸전체 얇게
바르는 편인데도 촉촉함이 아침까지 유지되어요

향은 아기들도 사용할만큼 쎄지않고
발림성도 좋아요 덕분에 아기들 바르고 난 
제손도 늘 촉촉함을 유지하게 되더라구요

저희는 이미 재구매한 부분이에요
화장품 구매 전 H a ☀️어플로 유해성분 체크하는데
일리윤은 크게 그 성분들이 없어서
안심하고 구매결정하였답니다

주문하고 배송은 거의 바로 배송되어 빠르게
파손없이 안전하게 도착하였습니다

일리윤 제품들 다양해서 여러번 사용했는데
모든 라인들이 모두 만족하며 사용하고 있습니다
좋은 제품 감사합니다 >_<",True,False,False,
일리윤 바디로션 대용량 무향 세라마이드 아토 580ml+300ml,5,"제가 고르는 로션 기준은 향,발림성과 흡수성이 좋아야한다가 원칙이였어요
그래서 이것저것 많이도 써봤네요
거의 6개월에 한번씩은 바꿔가며 발라봤는데
이번에 친구집 놀러갔다가 한번 사용해봤더니 너무 마음에 들더라구요

그래서 바로 구매를 했는데 역시나!
지금 몇주째 건성인 6살 아들과 같이 사용중인데
넘넘 촉촉하고 흡수력도 좋아요
아이가 향에 민감해서 왠만하면 향이 없는제품으로 찾았는데 정말 예민한 아이도 전혀 느끼지 못할만큼 만족해요

저는 복합성이라 건조함이 덜해서 잘몰랐는데
이제 나이가 드니 팔다리쪽이 살짝 당기더라구요
그래서 저도 몸에 같이 발라주고 있어요
흡수력이 좋아 끈적이지도 않고 대용량이라
듬뿍발라도 부담이 없어서 너무 좋네요

이제 정착를 하고 쭉 사용해볼까합니다
너무너무 대만족입니다",False,False,False,
일리윤 바디로션 대용량 무향 세라마이드 아토 580ml+300ml,5,"9살 아이가 아토피는 아닌데, 그 전단계일까 할정도로 너무 건조하고 가려움증도 심하고
어쩔때는 두드러기처럼 올라와요.
약국에서 쓰는 보습제가 있는데, 이것도
찾기 너무 힘들었는데 그나마 효과를 봐서 꾸준히 발라주고 있는데 150미리에 3만원 정도여서 살짝 부담이 되었어요.

하도 일리윤이 좋다고 주변에서
그러길래 이번에 행사가 좋게
나온것 같아서 구매해봤어요.
일단 짐승 용량이라서 좋네요.
여유있게 팍팍 발라도 되고요.
발림성은 제가 성분은 못봤는데
실리콘 성분이 많이 들어간 것 같아요.
약간 미끄덩거리면서 코팅되는 느낌이 들고 즉각적인 흡수는 빨라서 진덕거리지 않아요. 보습력도 괜찮은 것 같아요.
아이에게 발라주니 긁기는 긁는데
심하지 않고 약국보습 로션하고
비슷한것 같아요.

대신 이거 용기좀 리뉴얼 해야 될것 같아요 
새상품인데 펌핑이 좀 잘 안되고, 처음에 개봉해서 할때도 안올라와서 애먹고
펌핑을 계속해도 올라올때 있고 공기만 올라올때도 있어요. 용기좀 개선한다면 더 좋을듯하네요.",True,False,False,
일리윤 바디로션 대용량 무향 세라마이드 아토 580ml+300ml,5,"가을쯤 되면 항상 구매하고 있어요
피부가 아무리 건조해도
끈적이는 제형의 로션은 지양하는편인데,
이 제품은 건조함은 잡아주면서
부드러운 발림성이 있어 마음에 들어요 :)

그리고 가장 중요한 건, 착한성분!!
착한성분으로만 되어있는데
가격도 착하니 어찌 정착하지 않을 수 있나요?!

단종되지않고 꾸준이 나와줘서
늘 감사한 마음으로 사용하고 있어요 :)
온가족이 일리윤 아토로션덕분에
촉촉한 겨울을 보내고 있네요 ^^",True,True,False,
일리윤 바디로션 대용량 무향 세라마이드 아토 580ml+300ml,5,"항상 사용하는 제품이예요~
끈적이는거 극혐하는 남편도, 사춘기 딸래미도, 아직 초등 저학년인 아들도, 아토피에 극 예민 피부인 저도 매일매일 아침저녁으로 사용하고 있어요~
온 가족이 얼굴부터 바디까지 참 잘쓰고 있다보니 화장실과 화장대 필수품이예요!!
떨어질 기미가 보이면 불안불안ㅎㅎ
이번에도 사야겠다하는데 딱 세일중이어서
놓치지 않고 구매했습니다!!
두세트 구매하니 좋네요ㅎ 구성도 알차서 이번 구매는 꼭 특템 기분이라 더 좋아요~ 
벌써 뻥안치고 수십통째 사용중인 로션!!!!
얼른 쓰고 또 구매하러 올께요😘",False,False,False,
일리윤 바디로션 대용량 무향 세라마이드 아토 580ml+300ml,5,제가 갑자기 원인 불상의 아토피처럼 피부에 이상한게 생겨서 약먹고 연고를 발라도 안 없어지더라구요ㅠㅠ 그래서 평도 좋고 이전에 잘 썼던 일리윤 바디로션을 오랜만에 사서 꾸준히 썼어요 특히나 피부한테 위험한 겨울이 찾아오면서 피부 질환이 더욱 심해졌어요 수시로 간지럽고 딱딱하게 각질이 올라오고...그때마다 많이도 아니고 새끼 손톱만큼 발라줬어요 딱딱했언 고민 부위가 어느새 부드러워지고 빨갛게 올라오는것도 좀 나아졌어요 이제야 제 인생 바디로션을 만난것 같아요ㅠㅠ 이번 겨울에도 일리윤 덕분에 촉촉하게 잘 지낼 수 있겠어요❤️,False,False,False,
일리윤 바디로션 대용량 무향 세라마이드 아토 580ml+300ml,5,"일리윤 제품 참 좋습니다.
전부터 사용중인 제품으로
건조해진 요즘 계절엔 필수품이죠.
일리윤 세라마이드 아토 로션은 발림성이 좋아서 
좀 더 편하게 바르고 있구요.
일리윤 세라마이드 아토 집중 크림은
말 그대로 크림 제품으로 
좀 더 꾸덕?하고 그만큼 보습력도 더 좋습니다.
보습이 좀더 필요한 곳 크림으로 덧바르거나
크림을 바디로션 대용으로 바르는것도 좋아요.
저는 로션 크림 모두 사용중입니다.

특히 펌핑용기에 담겨있어 원하는 횟수만큼
펌핑하여 적당량 사용하기 편하구요.
입구 주변 지저분한 것도 없이 깔끔합니다.

일리윤 세라마이드 아토로션은 
발림성, 흡수력도 좋아서
바르고 난 후에도 끈적임없어 
바디제품 못바르시는 분들도 편히 사용가능하세요.",False,False,False,
일리윤 바디로션 대용량 무향 세라마이드 아토 580ml+300ml,5,"장점이 아주 많은 보습로션입니다.

1. 페이스와 얼굴 모두 가능
너무 기름지지도 않고 촉촉한 제형이라서 바디뿐만 아니라 페이스에도 사용이 가능합니다. 번거롭게 여러 로션 쓰지 않아도 이거 하나면 충분해요!

2. 온가족 사용 가능
워낙 순하기로 소문난 로션이라 어린 아이부터 어른까지 온가족이 함께 사용할 수 있어서 너무 좋아요!

3. 특허 받은 펌프 용기
다 써갈 때 쯤 내용물이 애매하게 남으면 뚜껑을 열고 두드려서 써야하는 어려움이 있는 다른 펌프용기와 다르게 남김없이 사용할 수 있는 펌프용기라 알뜰하게 사용할 수 있습니다!

건조해지는 겨울 촉촉한 로션을 찾는다면 일리윤 로션 추천합니다!",False,False,False,
일리윤 바디로션 대용량 무향 세라마이드 아토 580ml+300ml,5,"대용량을 라방때 할인해서 잘 샀네요~~
주문한지 하루도 안되어서 배송까지..
사용기간도 26년까지라 걱정없이 쓸수 있겠네요..
평소 향 있는 제품을 좋아하지만..아이들 쓰기에는
무향도 괜찮네요",False,False,False,
일리윤 바디로션 대용량 무향 세라마이드 아토 580ml+300ml,5,"아침 저녁으로 잘 사용하고 있습니다
피부 자극 없고 발림성 좋고 보습도 잘되어 너무 맘에 듭니다
무향이라 더 좋은것 같아요
세O필이나 아O노 보다 좋은것 같습니다",False,False,True,자극없음(긍정)
일리윤 바디로션 대용량 무향 세라마이드 아토 580ml+300ml,5,"가격이 저렴하고 어젯밤에 주문했는데 오늘 도착해 좋았어요 
비염이 있어 향에 민감한데 무향이라 좋아요
촉촉하지만 끈적거리지 않아요
보습력 짱~~
겨울에 각질 제거를 한 번씩 하고 나면 온 몸이 가려운데 일리윤 세라마이드 아토 로션을 바르면 가려운 증세가 전혀 없어 좋답니다
유통기한도 넉넉합니다",False,False,False,
일리윤 바디로션 대용량 무향 세라마이드 아토 580ml+300ml,5,발림성도 좋고 보습력도 제 피부엔 충분했어요 무향이라 호불호 갈릴 일 없었고 흡수도 빠른 편이라 끈적이지 않아 편해요 좋은 제품 좋은 가격에 잘 샀습니다!,False,False,False,
일리윤 바디로션 대용량 무향 세라마이드 아토 580ml+300ml,5,손이 많이 텄을 때 쓰기 완전 적합한 로션이예요! 손 자주 씻어서 손이 잘 트는 편인데 다른 로션을 발라도 진정이 잘 안되더라구요... 그래서 찾다가 발견한 로션인데 튼게 진정되서 그만큼 애용하는 제품이예요! 이번에 라이브 한다고 해서 쟁여두려고 샀습니다ㅎㅎ!,False,False,False,
일리윤 바디로션 대용량 무향 세라마이드 아토 580ml+300ml,5,"큰거 한통 다쓰고 행사 하길래 재구매 했습니다!!! 
제아기는 아토피가 있어서 보습이 정말정말 중요한대 비싼제품을 소량씩 쓰는것보단 적당한 가격대 제품을 자주 아주 많이 펴바르는게 훨씬 효과가 좋다는 조언을 듣고 바르기 시작했어요! 
확실히 대용량 제품사서 자주 보습을 해줬더니 아기 피부가 훨씬 호전이 됐고, 기존에 쓰던 제품은 향이 있어서 아기가 싫어하는 느낌이 강했는데 지금 제품은 무향에 순해서 아기도 저도 거부감이 없습니다!! 
꾸준히 사용하고 앞으로도 꾸준히 사용할 것 같아요! 
이번 패키지는 소용량 제품을 같이 주셔서 어디 여행갈때 챙겨가기 너무너무 좋아요! 잘쓰겠습니다^^",False,True,False,
일리윤 바디로션 대용량 무향 세라마이드 아토 580ml+300ml,5,"안녕하세요! 가족이 함께 쓰려고 일리윤 바디로션 대용량 무향 세라마이드 아토 580ml × 2병을 구매했어요.
네이버 배송으로 도착했는데, 배송 퀄리티가 정말 장난 아니었어요.

 큰 박스에 제품이 꼼꼼하게 고정돼 있고, 병 하나하나를 두툼한 에어캡(버블랩)으로 완벽하게 감싸서 보내주셔서 도착했을 때 “이렇게까지 신경 써주시나” 싶을 정도로 감동받았습니다. 박스도 튼튼하고 테이핑도 깔끔해서 상품에 전혀 문제가 없었어요.

 제품 자체도 대용량이라 든든하고, 무향이라 온 가족이 쓰기 좋을 것 같아요. 세라마이드 성분이 들어가서 건조하거나 민감한 피부에도 부담 없이 사용할 수 있을 것 같네요.
포장부터 배송 상태, 상품 퀄리티까지 모두 만족스러워서 재구매 의향 100%입니다!

 대용량 바디로션 찾으시는 분들, 특히 가족용으로 고민 중이시라면 강력 추천해요.",True,False,False,
일리윤 바디로션 대용량 무향 세라마이드 아토 580ml+300ml,5,"남편이 갑자기 입원하게 되면서 병원 생활을 하게 됐는데, 급하게 병원 아래 편의점에서 사서 사용한 게 이 로션이었어요.

워낙 피부가 예민해서 트러블이 자주 나는 편인데, 이걸 사용한 뒤로는 트러블도 많이 줄고 피부 컨디션도 훨씬 좋아졌어요.

지금은 없으면 불안할 정도로 제 최애 로션이 됐네요 ㅠㅠ

급하게 구매한 제품이 이렇게 잘 맞을 줄은 정말 몰랐어요.. 정말 최고에요🥲",False,False,False,
일리윤 바디로션 대용량 무향 세라마이드 아토 580ml+300ml,4,"일리윤 세라마이드 아토 집중 크림 너무 너무 잘 쓰고 있어서, 여름이라 좀 가벼운 느낌의 로션을 생각하고 구매했는데, 기대보다는 오일리하네요. 그래도 열심히 사용해보겠습니다.",False,False,False,
일리윤 바디로션 대용량 무향 세라마이드 아토 580ml+300ml,5,"포장은 꼼꼼하게 왔어요 
계절이 바뀌는 시기에 온도변화로
몸이 가려워 바디로션을 구매해요 
피부에 바르면 촉촉하고 매끄럽게 잘
스며들어서 좋아요 
좋은 제품 저렴한 가격에 구매 했어요 
빠른 배송 감사합니다",False,False,False,
일리윤 바디로션 대용량 무향 세라마이드 아토 580ml+300ml,5,"화장품은 자주 바꾸는데 바디로션은 결국 다시 일리윤으로 돌아오게 되네요😚❤️

향이 강하지 않고, 온 가족이 같이 써도 무난한 제품이라 욕실에 항상 하나씩 두고 사용하고 있습니다👨🏻🧑🏻👩🏻👦🏻

끈적임이 적은 편이라 여름에도 부담이 없고, 샤워 후 대충 발라도 보습감이 오래가는 느낌이라 손이 자주 가요.

이번 구성은 대용량에 추가 용량까지 들어 있어서 가성비도 만족스럽습니다. 특별히 자극 없이 편하게 사용하고 있어 재구매했습니다🫰🏻🫰🏻🫰🏻",False,False,True,자극없음(긍정)
일리윤 바디로션 대용량 무향 세라마이드 아토 580ml+300ml,4,"최신날짜로 하루만에 빠르게 도착했어요.
나중에 쓸려고 아직 뜯진 않았는데 랩으로 포장되어 왔습니다.
다만 움직일때마다 안에서 달그닥 거리는데 문제 없는건가 궁금합니다.
일리윤 오래 썼는데 이런 경우는 처음이라서요.",False,False,False,
일리윤 바디로션 대용량 무향 세라마이드 아토 580ml+300ml,5,"바디로션 바르는거 너무 싫고
로션 만지는 것도 혐오스러워 하는데
피부가 점점 안 좋아져서 바르기 시작했습니다
예전부터 유화이님 디렉터파이님 추천으로
꼽힌 제품이라 고민 없이 샀는데
바디로션 바른 뒤 피부 느낌이 달라진걸
느낀적이 없는데 이건 세번? 쯤 바르니
나중에 피부가 부드러워진 부분이 있는걸 발견해서
흠칫했네요. 귀찮을 땐 얼굴에 한번에 바릅니다.
가격이 좀 있어서 세일 때 마다 쟁일까 합니다",False,False,False,
일리윤 바디로션 대용량 무향 세라마이드 아토 580ml+300ml,5,"거슬리는 점이 없는 제품이에요.
무난한데 필요한 기능을 너무 잘해서 자주 쓰게 돼요.
촉촉하게 흡수되는 느낌이 좋아요. 지금까지 써본 바디로션 중에서 흡수력이 좋은 편이에요.
무향인 점도 맘에 들어요.
다른 화장품들은 왜 피부에 쓰는 건데 향료를 넣는 걸까요...불필요한 걸 첨가하지 않는 게 중요하다고 느껴요..
발림성도 부드럽고 유수분 밸런스가 좋아서 어느 상황에서든 두루두루 쓰기 좋아요.
얼굴에도 사용 중이에요. 얼굴에 쓸 때는 토너 후 이 제품으로만 끝낼 때도 있고 좀 더 유분감 있는 제품으로 마무리하기도 해요.
저는 강추합니다.",False,False,False,
일리윤 바디로션 대용량 무향 세라마이드 아토 580ml+300ml,5,"아이들과 함께 온가족이 쓰기에는 가성비, 성분, 보습 모두 생각했을 때 일리윤이 가장 만족스러워서 n번째 구매중입니다. 하늘색 라벨은 다른 라인에 비해서 좀 더 산뜻하게 발리는 느낌이라서 날씨가 더워지는 지금 계절에 딱 사용하기 좋을때라 구매했은데 행사기간이라 작은 것도 함께 주셔서 수영장 갈때 사용하기 좋아요.",True,False,False,
일리윤 바디로션 대용량 무향 세라마이드 아토 580ml+300ml,5,"일리윤 바디로션을 쓴지 3~4년 된 것 같네요. 일단은 건조한 계절에는 이 제품만큼 좋은 보습력을 가진 제품을 찾기 어려운 것 같더라고요.그렇다고 여름철에 쓰면 번들거리느냐 그건 또 아니더라고요. 그래서 우리집은 사계절용, 전가족용으로 씁니다. 남편이 끈적거리고 향이 찐해서 몸에 뭘 바르는 걸 싫어하는데 이건 떨어지면 찾습니다^^",False,False,False,
일리윤 바디로션 대용량 무향 세라마이드 아토 580ml+300ml,5,항상 애용하는 제품입니다 한여름에는 좀 답답할수있지만 선풍기 에어컨 바람때문에도 건조해지는 피부라서 믿고 안심하고 구매합니다~ 발림성 좋아서 양 적게해서 수시로 바르면 좋아요,True,False,False,
일리윤 바디로션 대용량 무향 세라마이드 아토 580ml+300ml,5,"바디 보습에 신경 많이 쓰는데
매번 온몸에 꼼꼼히 바르는게 좀 귀찮거든요.
특히 보습력이 좋은 로션은 좀 뻑뻑해서 더 귀찮은데 이 로션은 가볍게 쓱쓱 발라도 촉촉해서 너무 좋아요. 흡수도 빨라요",False,False,False,
일리윤 바디로션 대용량 무향 세라마이드 아토 580ml+300ml,5,"아이가 쓰는 로션이예요
개인적으로 향료 들어간 제품들을 안좋아하는데 
이건 무향에 순하고 좋아요 
다른제품 쓰다 결국 이걸로 돌아와요 ㅋㅋ 
10번은 넘게 산거같아요 저렴하게 득해서 너무 좋음",False,False,False,
일리윤 바디로션 대용량 무향 세라마이드 아토 580ml+300ml,5,"발림성 좋고 성분 좋고 무향이라 좋고 휴일에도 배송해주니 너무 좋습니다. 한 겨울에만 추가보습이
필요할 것 같고 사계절 두루 사용하기 좋아요.",True,False,False,
일리윤 바디로션 대용량 무향 세라마이드 아토 580ml+300ml,5,"일리윤 너무 좋습니다
피부가 건조한편이라
로션을 쓸데 신경을 많이 쓰는데
일리윤 아토로션이 묽은 편이라
여름에 바르기 딱 좋아요
겨울에는 좀더 쫀쫀하고 보습력이 있는 일리윤 리페어 로션을 쓰다보니 건조한 피부고민을 안하게 되었네요",False,False,False,
일리윤 바디로션 대용량 무향 세라마이드 아토 580ml+300ml,5,건조함과 가려움때문에 바디로션을 여름에도 꼭 바르는데 리치한건 싫고 흡수 안되는것도 싫고 향이 독한것도 싫어는 저한테 딱이네요 바르고나면 피부가 부들부들 좋아요,False,False,False,
일리윤 바디로션 대용량 무향 세라마이드 아토 580ml+300ml,5,바디로션 다 써가서 구입했어요. 전에 일리윤 사용초반에 펌프 눌러도 잘 안나온다고 누군가 뚜껑을 열었던 바람에.. 잘 쓰지도 못한 기억에 아꿉ㅠ 펌프불량이었던건지 알 수 없지만;; 다른거 쓰다 왔어요. 실수 한번이 장점이 바로 단점이 되버리는 아쉬움.. 개선 안 될까요? 이번엔 집에 남자들 교육 잘 시켜서 써야죠^^,False,False,False,
일리윤 바디로션 대용량 무향 세라마이드 아토 580ml+300ml,5,"배송빠르고 냄새가 없어 너무 좋네요
끈적임도 덜하고 주기적으로 써보고 좋으면 또 구매할께요",False,False,False,
일리윤 바디로션 대용량 무향 세라마이드 아토 580ml+300ml,5,일리윤 세라마이드 아토 로션은 무향에 자극이 없어 민감하고 건조한 피부에 안심하고 쓰기 정말 좋습니다. 580ml와 300ml 세트 구성이라 용량도 아주 넉넉하고 온 가족이 데일리로 쓰기 훌륭하네요. 끈적임 없이 촉촉하게 흡수되어 대만족입니다!,True,False,True,자극없음(긍정)
일리윤 바디로션 대용량 무향 세라마이드 아토 580ml+300ml,5,"추가구매입니다.
피부가 너 무예 민한 편인데
아토로션은 부드럽고 발림성도 좋고
흠잡을 곳 없습니다ㅎㅎ
배송 빠르게 왔고 상품도 무사히 잘 받았습니다ㅎㅎ
감사합니다~~",False,False,False,
일리윤 바디로션 대용량 무향 세라마이드 아토 580ml+300ml,5,피부가 건성이고 민감한 피부인데 타제품을 썼을땐 트러블과 붉게변하기도 했는데 딸 추천으로 성분이 좋다고 추천하길레 사용해보니 향도 없고 피부자극도없어 아주 제구매해 만족하게사용하고 있습니다.,True,False,True,자극있음(부정)
일리윤 바디로션 대용량 무향 세라마이드 아토 580ml+300ml,5,피부병처럼 탈피하듯 살갗이 각질이 심해져서 구매했는데 발림성도 좋고 각질문제도 어느정도(80%) 해결해줘서 잘 사용할 것 같아요. 무향이라서 향에 민감하신 분에게 좋을 것 같습니다.,False,False,False,
일리윤 바디로션 대용량 무향 세라마이드 아토 580ml+300ml,5,아토피 아기.. 매번 주문하는 제품입니다. 시중에 여러 다양한 가격대의 제품군을 사용해봤는데 가격면에서 경제적이면서 여러번 발라주는게 제일 나을거 같아서 선택했어요. 주기적으로 구매하고 있습니다😊,False,False,False,
일리윤 바디로션 대용량 무향 세라마이드 아토 580ml+300ml,5,아드님 5년째 쭉 쓰는 저희집 스테디 로션이에요! 핫딜기간이면 이득! 핫딜기간이 아니어도 제품력이 워낙 좋아서 기분좋게 잘 쓰고 있어요 추천합니다!,False,False,False,
일리윤 바디로션 대용량 무향 세라마이드 아토 580ml+300ml,5,대용량 2개라 든든해요. 피부가 예민해서 자주 가려워서 늘 쓰는 제품이에요. 바디로션으로도 얼굴에도 두루두루 쓰기 좋아요. 포장 꼼꼼해요.,False,False,False,
일리윤 바디로션 대용량 무향 세라마이드 아토 580ml+300ml,5,"손을 많이쓰는 사람이라 약하디 약한 손을 위해서 재주문했어요~~
원래 다른 고보습로션을 발랐는데 자주 바르다보니 적은 용량은 금방쓰더라고요ㅎ 그래서 일리윤으로 갈아탔어요 만족하고 있습니다",False,False,False,
일리윤 바디로션 대용량 무향 세라마이드 아토 580ml+300ml,5,"촉촉함이 오래 유지되고 무향이라서 부담없이 사용하기 좋아요👍
유통기한도 29년도 3월까지라서 보관도 문제 없어요",False,False,False,
일리윤 바디로션 대용량 무향 세라마이드 아토 580ml+300ml,5,아이가 지금까지 쓴 로션중에 제일 잘 발라져서 너무 좋대요!! 촉촉하고 순해서 너무 좋아요~ 아이 피부가 예매해서 맞는 로션찾기 힘들었는데 이 로션은 아주 잘맞고 매우 만족합니다~,False,True,False,
일리윤 바디로션 대용량 무향 세라마이드 아토 580ml+300ml,5,"발림성 좋고 진짜 무향이예요. 
여름에 쓰기엔 너무 오일리 해요. 
흡수되는 시간이 오래 걸려서 겨울에 쓸려고 비닐감쌌어요. 저래도 되는건지 모르겠지만...
겨울에도 촉촉할지는 모르겠네요.",False,False,False,
일리윤 바디로션 대용량 무향 세라마이드 아토 580ml+300ml,5,향이없어  여름에 사용하기좋고 부담없어요 알러지테스트되어 걱정없어서 잘사용하겠습니다 증정용이있어 여행시 화장대에 두고사용할수있어 좋아요,False,False,False,
일리윤 바디로션 대용량 무향 세라마이드 아토 580ml+300ml,5,"70대인 어머니도, 50대인 저도.. 이 제품만 씁니다. 성분 좋고, 순하고, 발림성 좋고.. 그 어떤 명품 화장품보다 이 제품이 만족스럽네요. 겨울엔 오일 한 방울 떨어뜨려 사용하면, 영양 크림 필요 없고, 사계절 만능 로션입니다. 칭찬합니다. 일리윤. 계속 재구매 할께요..",True,False,False,
일리윤 바디로션 대용량 무향 세라마이드 아토 580ml+300ml,5,이전에 다른 바디로션쓰다가 일리윤만한게 없는거 같아서 돌아왔어요. 제형이 부드럽고 잘 스며들어서 너무 좋습니다. 대용량이라 오래쓸꺼 같아요.,False,False,False,
일리윤 바디로션 대용량 무향 세라마이드 아토 580ml+300ml,5,고양이를 키우고있어서 무향이지만 좋은 제품 찾다보니 일리윤 추천이 많아서 구매했습니다! 순하고 촉촉하고 부드러워서 넘 만족스럽습니다~,False,False,False,
일리윤 바디로션 대용량 무향 세라마이드 아토 580ml+300ml,5,남녀노소 누구나 자극없이 무난하게 쓸 수 있는 바디로션입니다  향에 민감한 저는 무향이라 너무 좋고 발림성고 부드러워요  흡수도 금방 되고 끈적이지 않으면서 보습은 어느 정도 유지되는 편이에요,False,False,True,자극없음(긍정)
일리윤 바디로션 대용량 무향 세라마이드 아토 580ml+300ml,5,온가족 쓰는 로션이라 자주 구매하고 있어요~ 무향을 선호하는데 발림성도 좋아서 일리윤 쓰고있어요! 계속 쓸거에요~~,False,False,False,
일리윤 바디로션 대용량 무향 세라마이드 아토 580ml+300ml,5,레이어드 하려고 향 이 없다길래 구매 .. 써보니 센찮네요 저는 향이 진한걸 좋아해요 ㅋㅋ 삼실 책상에도 하나ㅎ  잘쓰겠습니다,False,False,False,
일리윤 바디로션 대용량 무향 세라마이드 아토 580ml+300ml,5,행사하면 주기적으로 구입하는 일리윤 세라마이드입니다. 여름에도 바를 정도로 온 가족이 좋아하는 로션으로 촉촉하면서도 끈적이지 않아서 정말 좋습니다.,False,False,False,
일리윤 바디로션 대용량 무향 세라마이드 아토 580ml+300ml,5,나이가먹어서그런지 바디로션을발라도 피부가가려워서 이제품 유명하길래 구입 써봐야 내피부에 괜찮은지알수있을것같아요 꾸준히 써봐야겠어요 테스트했을때 촉촉하니좋았어요,False,False,False,
일리윤 바디로션 대용량 무향 세라마이드 아토 580ml+300ml,5,"이것저것 다 사용해봐도 이것처럼 촉촉하고 부드러운게 없네요,, 내용물 압축? 포장으로 끝까지 쪽 다 쓸수있어서 좋아요",False,True,False,
일리윤 바디로션 대용량 무향 세라마이드 아토 580ml+300ml,5,"기존에 일리윤 레드라인이랑 같이 번갈아가면서 잘 쓰고 있어요~
크림들만 쓰다가 이제 날이 더워져서
초2 아이 바디로션으로 쓰려고 구매했습니다 ㅎㅎ
작은 사이즈는 여행 갈 때도 좋을거 같아요^^
금방 쓸거 같지만 유통기한도 길고 마음에 들어요
다 쓰고 재구매하러 올게요~!",False,False,False,
일리윤 바디로션 대용량 무향 세라마이드 아토 580ml+300ml,5,바디크림은 일리윤으로 정착했어요 발림성도 좋고 순하고 향이 없어서 너무좋네요,False,False,False,
일리윤 바디로션 대용량 무향 세라마이드 아토 580ml+300ml,5,"기름지지도 않고 깔끔하니 좋아요.
그냥 두고 핸드크림 대용으로 쓰기도 하고 환절기땐 샤워하고 겨울철 쓰던 바디크림 쓰기에 너무 부담스러울 때 이거 바르기도 좋았어요.
끈적한거는 싫지만 건조해서 보습이 되는 바디제품을 원하시는 저희 부모님이 항상 잘 사용하고 있습니다.",False,False,False,
일리윤 바디로션 대용량 무향 세라마이드 아토 580ml+300ml,5,"여름에 아이가 가볍게 쓰기 너무 좋아요
건조한데 피부가 촉촉해졌으면 좋겠어요
무향이라 좋아요",False,False,False,
일리윤 바디로션 대용량 무향 세라마이드 아토 580ml+300ml,5,바디로션은 일리윤으로 정착했어요. 무향이라 향에 민감할 필요없고 발림성 좋고 보습도 좋아요. 지성피부지만 부담스럽지 않아요. 대용량은 오래 써서 좋아요,False,False,False,
일리윤 바디로션 대용량 무향 세라마이드 아토 580ml+300ml,5,"강추합니다 
발림성 좋고 금방 스며드는데
촉촉함이 오래가요!",False,False,False,
일리윤 바디로션 대용량 무향 세라마이드 아토 580ml+300ml,5,"기존에 쓰고 있다가 어른 아이 같이 쓰려고 구매했어요
용량도 다양해서 여행갈 때 가져 가기도 좋고 집에 두고 쓰기도 좋고 만족합니다",False,False,False,
일리윤 바디로션 대용량 무향 세라마이드 아토 580ml+300ml,4,"지인들의 칭찬이 자자하여 마침 쓰던 다른 브랜드 상품을 다 써서 주문해 봅니다. 저는 건조함과 최근 땀을 많이
흘리고 홍조가 심해졌는데 순하고 촉촉하면 좋겠네요. 올리브0 세일이다 해서 거기도 가보고 여기저기 보다가 아모레퍼시픽 공홈이 저렴한 것 같아 여기서 주문했어요. 때마침 공휴일 때문에 도착 예정보다 이틀이 늦었지만 이해합니다. 한 달 뒤에 다시 돌아올게요.",False,False,False,
일리윤 바디로션 대용량 무향 세라마이드 아토 580ml+300ml,5,"여름에도 안쓰면 건조한 딸위해 구입했어요.
쟁여놓으면 마음이 편해요~
저렴하게 잘 샀습니다!",False,False,False,
일리윤 바디로션 대용량 무향 세라마이드 아토 580ml+300ml,5,모공각화증이 좀 있어서ㅠ보습하려고 샀어요. 무향이긴한데 전 냄새가 좀 올라오더라구요. 촉촉하고 발림성 좋은데 예민하신 분들은 향 있는 바디로션이랑 섞어쓰세용,False,False,False,
일리윤 바디로션 대용량 무향 세라마이드 아토 580ml+300ml,5,"아이랑 같이 쓰려고 주문했어요^^
건조한편이라 여름에도 듬뿍 바르는데 용량도 커서 만족해요",False,False,False,
일리윤 바디로션 대용량 무향 세라마이드 아토 580ml+300ml,5,"아이가 피부가 민감해서 피지오겔이랑 아스트라만 쓸수있었어요 이제 키가 저만한지라 두제품은 용량이 작아서 다른제품 찾던중이었어요  
안맞으면 내가 써야겠다 생각하고 사봤는데 이것도 괜찮네요 애용할게요^^",False,False,False,
일리윤 바디로션 대용량 무향 세라마이드 아토 580ml+300ml,5,향이 없어서  좋아요 향에 민감해서 두통이 자주오는데  그런게  없어서 좋아요. 세콜지가  들어가있어서 보습에  무척좋고  자극이 없어서  항상 재구매해서 쓰는 제품이에요  겨울이면  뱀비늘마냥 마름모주름이 온 다리에 생기는데  이걸쓰면 겨울엔 비늘이  없어져서  좋고 여름에는  적은양으로도 피부에 부드러움을 느낄수있어서 좋아요,False,False,True,자극없음(긍정)
일리윤 바디로션 대용량 무향 세라마이드 아토 580ml+300ml,5,피부가예민해서 프랑스제품쓰는게있는데 배송이오래걸려서 이제품처음구입해봤어요 일단배송은 다음날에왔고 포장도 꼼꼼하게왔어요,False,False,False,
일리윤 바디로션 대용량 무향 세라마이드 아토 580ml+300ml,4,평생 바디로션 안바르고 살았는대 30살 넘으니 뭔가 건조한건지 모르겠는데 간지럽더니 빨개질 정도로 몇일동안 몸이 간지러워서 바디로션 발라보자 하고 찾던 중 이게 유명해서 일주일정도 사용해보니 로션때문인진 정확히 모르겠으나 안간지러워서 틈틈히 발라줍니다 근대 유분감이 느껴져서 매일 손이 가진 않아요,False,False,False,
일리윤 바디로션 대용량 무향 세라마이드 아토 580ml+300ml,5,늘 쓰는 제품이에요 발림성도 좋고 온가족 쓰기 너무 좋네요,False,False,False,
일리윤 바디로션 대용량 무향 세라마이드 아토 580ml+300ml,5,여름되면 온 가족 바디로션은 일리윤아토로션으로 써요. 약간만 발라도 촉촉하고 금방 흡수되서 무겁지 않아요.,False,False,False,
일리윤 바디로션 대용량 무향 세라마이드 아토 580ml+300ml,5,얼굴이랑 몸이랑 한번에 바를 수 있어서 좋아요! 몇 통 째 쓰는지 모르겠어요. 일리윤 최고입니당.,False,False,False,
일리윤 바디로션 대용량 무향 세라마이드 아토 580ml+300ml,5,순하고 촉촉해서 자주 구매해서 사용하는 바디로션입니다. 사계절 내내 사용하고 있고 촉촉함이 잘 유지되는것 같아요. 여름에도 상쾌한 기분으로 사용중입니다.,False,False,False,
일리윤 바디로션 대용량 무향 세라마이드 아토 580ml+300ml,5,무향이고 잘 스며들어서 아기포함 온가족이 잘 쓰고 있어요. 4살 첫째가 끈적이는 느낌을 싫어해서 사봤는데 훨씬 좋아하네요,False,False,False,
일리윤 바디로션 대용량 무향 세라마이드 아토 580ml+300ml,5,배송 하면 금방 오고 필요할 때 바로 쓸 수 있어서 너무 좋아요. 촉촉함도 최고.,False,False,False,
일리윤 바디로션 대용량 무향 세라마이드 아토 580ml+300ml,5,여름이라 발림성이가볍고매트한 로션으로좋아요~ 아토피피부라겨울엔 울트라리페어로션을 바르는데 덥고땀나는여름.. 벌겋게 달궈진얼굴과피부엔 이로션이 무겁고답답하지않고좋아요,False,False,False,
일리윤 바디로션 대용량 무향 세라마이드 아토 580ml+300ml,5,항상 쓰고 있어서 주기적으로 구매하는 제품입니다. 자극없이 촉촉해요. 이제 곧 아기 태어나는데 아기도 같이 쓸 수 있어 좋을 것 같아요.,False,False,True,자극없음(긍정)
일리윤 바디로션 대용량 무향 세라마이드 아토 580ml+300ml,5,이전부터 계속 써오던 로션이라 계속 잘 바르고 있어요. 이전에 날씨 건조해서 아기 얼굴에 올라와서 발라주면 올라왔던 거 가라앉고 했어요. 요즘같이 더운날에도 잘 발라주고 있습니다!,False,False,False,
일리윤 바디로션 대용량 무향 세라마이드 아토 580ml+300ml,4,"가성비 및 영양감이 좋아, 휘뚜르 마뚜르 사용할 수 있는 바디로션이예요.
저는 몇 년전부터 4계절 내내 본 제품을 피부에 도포하고 있어요.
한 겨울에 발리도 각질 부각 없으면 촉촉하게 바디 피부를 관리할 수 있구요.
한 여름에도 끈적임 없고 부드럽게 바디 피부를 유지할 수 있어요.
무엇보다 라방 행사를 자주 해서, 올영 큰 세일때보다 좋은 가격대로 구입하고 있어요.
그리고 이 제품을 좋아하는 이유는 무향이여서, 뜨거운 잔열감이 있는 욕실에서 발라도 머리가 아프지 않아요.
제가 너무 좋아하는 “무자극, 순수” 한 바디로션이랍니다.",False,False,True,자극없음(긍정)
일리윤 바디로션 대용량 무향 세라마이드 아토 580ml+300ml,5,"샤워 후 보습을 위해 몸에 바르기 좋은 로션입니다
너무 무겁지도 가볍지도 않아 사계절 내내 바르기 좋습니다!",False,False,False,
일리윤 바디로션 대용량 무향 세라마이드 아토 580ml+300ml,5,"산뜻하게 발려서 좋은 거 같아요! 얼굴, 몸에 다 바르고 있고 이제 5개월차 아기도 발라주고 있어요!
무거운 제형 싫어하는데 이 제품은 그렇지 않아서 얼굴에 바른 지는 꽤 됐어요! 뭐 바르는 거 싫어하는 남편도 안 찝찝하고(?) 괜찮다고 잘 발라요 ㅋㅋ",False,False,False,
일리윤 바디로션 대용량 무향 세라마이드 아토 580ml+300ml,5,여름에도 꼭 바디로션을 바르는데 일리윤이 향도 없고 여름에 바르기에 좋아서 대용량으로 구매했어요~ 유통기한도 넉넉해서 좋아요,False,False,False,
일리윤 바디로션 대용량 무향 세라마이드 아토 580ml+300ml,5,바디로션은 일리윤이랑 세타필만 써요. 플라스틱 패키지라 싹싹 긁어쓰지 못하는 점이 아쉽지만 발림성 보습 전부 만족하는 제품입니다.,False,False,False,
일리윤 바디로션 대용량 무향 세라마이드 아토 580ml+300ml,5,저희 집에서 온 가족이 쓰는 로션이에요. 아이는 어렸을 때부터 썼고 저도 요즘 수영 하면서 쓰는데 정말 건강하네요.,False,False,False,
일리윤 바디로션 대용량 무향 세라마이드 아토 580ml+300ml,5,애기 피부 민감해서 소문듣고 구매했어요 발림도좋고  잘 관리해볼께요,False,False,False,
일리윤 바디로션 대용량 무향 세라마이드 아토 580ml+300ml,5,"제가 먼저 사용하다가 딸 사용하라고 사주었어요
전 얼굴만 사용중인데 가려움 좁쌀여드름이 많이 개선되어서 정말 만족합니다
딸도 저처럼 효과봤으면 좋겠어요
추전이요~",False,False,False,
일리윤 바디로션 대용량 무향 세라마이드 아토 580ml+300ml,5,기존에 쓰던 제품 재구매입니다! 몸말고 얼굴에 발라도 될 정도로 순하고 보습력이 좋아서 만족해요. 다 써서 급하게 필요했는데 하루만에 온 것도 너무 좋아요,False,False,False,
일리윤 바디로션 대용량 무향 세라마이드 아토 580ml+300ml,5,아이가 건성이라 로션을 발라줘야하는데 다른건 발라도 간지럽다고 하는 경우가 많거든요. 이거 쓰곤 보습이 잘되는지 그런 경우가 없었어요. 만족합니다~~,False,False,False,
일리윤 바디로션 대용량 무향 세라마이드 아토 580ml+300ml,5,"몇년전에생긴 습진땜에 샤워후 건조하지않게 바디제품을 찾고있던중에 일리윤 바디제품이 젤 맘에 들어서   구입한번하고 사용하고있는데 무향이고 촉축하고 피부트러블심하지않아 재구매했어요~~
지난번에구입해서 혼자4개월쯤 사용하는거같아요~~
방안이건조할때 우연히 스킨 로션위에 얼굴에도 촉촉하게 바르고 잤더니 아침에 촉촉함이 그대로 남아있어  요즘엔 아침저녁으로 얼굴에도 바르고있어요~~",False,False,False,
일리윤 바디로션 대용량 무향 세라마이드 아토 580ml+300ml,5,향기나는 제품이 부담스러워서 구매했는데 아기랑 무난하게 잘 쓰고 있습니다. 배송 아주 빨라요. 감사합니다.,False,False,False,
일리윤 바디로션 대용량 무향 세라마이드 아토 580ml+300ml,5,성분 좋고 발림성 좋아 아기도 어른도 온가족이 편안하게 사용합니다. 항상 피부가 촉촉해요.,True,False,False,
일리윤 바디로션 대용량 무향 세라마이드 아토 580ml+300ml,5,바디로션은 요게 짱인듯. 배송빨라서좋아요 몇년째쓰고있어요,False,False,False,
일리윤 바디로션 대용량 무향 세라마이드 아토 580ml+300ml,5,계속 구매후 3번째 구매인데 이제품만 쓰게됩니다 지속성도 좋아요 또 구매할겁니다,False,False,False,
일리윤 바디로션 대용량 무향 세라마이드 아토 580ml+300ml,5,"촉촉함과 발림성이 좋아서 건조한 엄마께도 선물드렸어요
아이는 꾸준히 사용하는 제품이에요",False,False,False,
일리윤 바디로션 대용량 무향 세라마이드 아토 580ml+300ml,5,물 같은 제형의 바디로션만 써왔는데 피부가 많이 건조해져서 일리윤 구매해서 사용하고 있습니다. 여전히 저한테는 제형이 무겁게 느껴지지만 피부 가려움도 많이 개선되고 적당히 유분이 채워지는 것 같아서 좋아요.,False,False,False,
일리윤 바디로션 대용량 무향 세라마이드 아토 580ml+300ml,5,"일리윤 바디로션 좋아요
여러 바디로션 써봤지만 일리윤이
제일 잘 맞아요 건조한편인데 바르면 
촉촉해지는게 바로 느껴져요 
끈적임 없어서 더 좋아요",False,False,False,
일리윤 바디로션 대용량 무향 세라마이드 아토 580ml+300ml,5,아빠부터 초딩 딸까지 모든 가족이 함께 사용하는 제품입니다. 아빠는 약간의 건선 피부인데요 가렵고 건조할 때 마다 일리윤 듬뿍 바르고 자면 아침에 훨씬 피부가 촉촉해진다고 하네요. 아이들도 만족하며 트러블 없이 잘 사용하고 있는 로션입니다.,False,False,False,
일리윤 바디로션 대용량 무향 세라마이드 아토 580ml+300ml,5,배송도 빠르고 좋아요  재구매 의사 있습니다,False,False,False,
일리윤 바디로션 대용량 무향 세라마이드 아토 580ml+300ml,5,"아주 좋아요! 용량도 많고 배송도 빨라서
만족스럽습니다~ 워낙 성분 좋기로 유명해서 기대해봅니다 :)",True,False,False,
일리윤 바디로션 대용량 무향 세라마이드 아토 580ml+300ml,5,몇 통째 재주문하고 있습니다. 촉촉하고 순해서 매일매일 쓰기 좋아요. 무향인 점도 맘에 듭니다.,False,True,False,
일리윤 바디로션 대용량 무향 세라마이드 아토 580ml+300ml,5,바디로션으로 몇년째 이것만 계속 쓰고있어요.. 촉촉함과 발림성은 다른 어떤 것보다 일리윤이 짱이에요..,False,False,False,
일리윤 바디로션 대용량 무향 세라마이드 아토 580ml+300ml,5,"아기 태어나서 일리윤만 발랐지요 :)
아가 제품에는 무향이 제일이며,
한 번도 발진 등 피부 문제도 없었음.

우리 아가 로션은 항상 일리윤으로 정착👍🏻",False,False,False,
일리윤 바디로션 대용량 무향 세라마이드 아토 580ml+300ml,5,기존에 쓰던 제품 다 사용하여 다른 제품을 구매하려고 찾아보던중 일리윤 평이 좋아서 구매하게 되었습니다. 향이 강하지 않고 발림성도 좋아 만족합니다. 유통기한도 넉넉하니 좋네요.,False,False,False,
일리윤 바디로션 대용량 무향 세라마이드 아토 580ml+300ml,3,향의 자극이 없어요..발림성도 좋고 촉촉함이 오래 지속됨.,False,False,True,자극없음(긍정)
일리윤 바디로션 대용량 무향 세라마이드 아토 580ml+300ml,5,아이들 태어나고 몇통을 비웠나 모르겠네요 보습도 이정도면 괜찮고 발림성도 좋아요 추천합니다,False,False,False,
일리윤 바디로션 대용량 무향 세라마이드 아토 580ml+300ml,5,"아이들, 어른들 상관없이 바를 수 있어서 너무 좋아요. 향이 없어서 부담 없이 쓸 수 있고요.",False,False,False,
일리윤 바디로션 대용량 무향 세라마이드 아토 580ml+300ml,5,"5, 8세 아이들과 함께 사용합니다ㅎ 사계절내내 일리윤 라인만 사용하는데 아토크림은 지금은 무거워서 로션으로 바꿨습니다. 로션이지만 충분히 보습되고 흡수도 좋아서 좋아요ㅎㅎ성분도 너무 마음에 듭니다^^ 특가 행사 자주해주세요~~~",True,False,False,
일리윤 바디로션 대용량 무향 세라마이드 아토 580ml+300ml,5,가족 모두 매일 사용하는 제품이에요. 건조하고 예민한 피부에 만족스러워요. 대용량제품이라서 더 좋아요.,False,False,False,
일리윤 바디로션 대용량 무향 세라마이드 아토 580ml+300ml,5,아이 바디로션으로 쓰고 있어요. 다른것도 써보고 했지만 결국  일리윤으로 돌아오네요. 순하고 발림성도 좋아요,False,False,False,
일리윤 바디로션 대용량 무향 세라마이드 아토 580ml+300ml,5,발림성도 좋고 바르면 확실히 촉촉하고 가렵지 않아요 향도 거의 없어서 더 좋아요,False,False,False,
일리윤 바디로션 대용량 무향 세라마이드 아토 580ml+300ml,5,이것만 써요 바디로션은!! 얼마전에 다 썻길래 그냥 안바르고 살았는데 귀신같이 몸에 뾰루지? 올라와요 ㅠ,False,False,False,
일리윤 바디로션 대용량 무향 세라마이드 아토 580ml+300ml,5,너무 무겁지도 가볍지도 않은 제형이라 사계절내내 무난하게 바를수 있고 향이 강하지 않아서 좋아요,False,False,False,
일리윤 바디로션 대용량 무향 세라마이드 아토 580ml+300ml,5,아이랑 함께 쓸려고 구매했어요 썬크림 써보고 좋아서 바디도 구매했습니다,False,False,False,
일리윤 바디로션 대용량 무향 세라마이드 아토 580ml+300ml,5,아이 어릴때부터 10년넘게 꾸준히 쓰고있어요~ 촉촉 부들 너무좋아요,False,False,False,
일리윤 바디로션 대용량 무향 세라마이드 아토 580ml+300ml,5,"이렇게 향이 없을수 있나 싶게 정말 무향 그 자체에요
발림성도 좋고 바르고 나면 부드러운 보습막이 기분좋게 남아요 
끈적임 없는 부드러운 보습막이 이렇게 기분 좋은거구나 했네요
가성비 기능 다 좋아서 이걸로 정착할거 같아요",False,True,False,
일리윤 바디로션 대용량 무향 세라마이드 아토 580ml+300ml,5,발림성이 너무 좋아요. 꾸준히 쓰는 제품입니다,False,False,False,
일리윤 바디로션 대용량 무향 세라마이드 아토 580ml+300ml,5,"몇통째 재구매인지 셀수도 없어요.
무향에 순한 제품 
피부 예민한 남편과 아이들이 겨울 빼고는 늘 사용합니다.",False,True,False,
일리윤 바디로션 대용량 무향 세라마이드 아토 580ml+300ml,5,끈적임도 없고 여름이여도 팔다리에 바르기 너무 좋아요 작년부터 쓰기시작해서 재구매템 입니다,False,False,False,
일리윤 바디로션 대용량 무향 세라마이드 아토 580ml+300ml,5,늘 이것만 사서 쓰고있어요. 어른도 애도 다 만족하고 있습니다.,False,False,False,
일리윤 바디로션 대용량 무향 세라마이드 아토 580ml+300ml,5,피부가 가려워서 이유를 찾다가 건조하면 그럴수도 있다고해서 일리윤 구매해서 써봤는데 일주일정도 지나니깐 가려움이 많이 줄었어요,False,False,False,
일리윤 바디로션 대용량 무향 세라마이드 아토 580ml+300ml,5,"당일배송 정말 빠르네요
바디로션은 촉촉해서 아이들 쓰게 매번
구입합니다",False,False,False,
일리윤 바디로션 대용량 무향 세라마이드 아토 580ml+300ml,5,너무 촉촉해요 무향인갓도 너무 좋아요 재재.재구매하는 애정템!!!,False,False,False,
일리윤 바디로션 대용량 무향 세라마이드 아토 580ml+300ml,5,일리윤 바디로션은 사랑입니다~ 무향이고 순해서 너무좋아요,False,True,False,
일리윤 바디로션 대용량 무향 세라마이드 아토 580ml+300ml,5,아토피가 심한데 일리윤은 발림성도 좋고 자극없어서 좋아요,False,False,True,자극없음(긍정)
일리윤 바디로션 대용량 무향 세라마이드 아토 580ml+300ml,5,추천받아 사용해보려고 구매했어요.만족합니다.,False,False,False,
일리윤 바디로션 대용량 무향 세라마이드 아토 580ml+300ml,5,사계절 바르는 바디로션!! 몇 통째 쓰는지 모르겠어요 무향이라 더 좋아요,False,False,False,
일리윤 바디로션 대용량 무향 세라마이드 아토 580ml+300ml,5,아이들 여름용으로 잘사용중이에요^^ 샘플은 외출용이나 여행용으로 아주좋아요,False,False,False,
일리윤 바디로션 대용량 무향 세라마이드 아토 580ml+300ml,5,벌써 일리윤 바디로션을 사용한 지 3년이나 됐지만 늘 만족합니다. 무향이라 처음에 어색할 수도 있지만 차라리 무향이라 더 건강하고 고급집니다.,False,False,False,
일리윤 바디로션 대용량 무향 세라마이드 아토 580ml+300ml,5,아이가 건성이라 듬뿍 자주 발라줘야해서 용량 큰걸로 샀어요 일리윤이 가성비 좋고 효과도 괜찮아요,False,False,False,
일리윤 바디로션 대용량 무향 세라마이드 아토 580ml+300ml,5,일리윤이 순하고 발림성이 좋아서 겨울에 정말 건조할 때 빼고는 좋더라구요. 배송도 빠르거 앞으로 계속 사용할게요.,False,False,False,
일리윤 바디로션 대용량 무향 세라마이드 아토 580ml+300ml,4,오랜만 구입했는데 촉촉함은 오래가나 끈적임 살짝있네요~ 여름용으로 구입했는데 예전이랑 달라진건지 조금 덜 발라 봐야겠어요~,False,False,False,
일리윤 바디로션 대용량 무향 세라마이드 아토 580ml+300ml,5,일리윤 로션 꾸준히 쓴지 1년 다되어가는것같아요. 원래 모공각화증에 닭살피부까지 심한편이었는데 어느순간 싹 사라졌어요! 바르고나면 잘 스며들고 악건성은 아니라 사계절 사용하는데 앞으로도 제 정착템이 되지 않을까싶어요!,False,False,False,
일리윤 바디로션 대용량 무향 세라마이드 아토 580ml+300ml,5,바디로션은 일리유만 사용하네요 촉촉함 끈적임 모든게 만족스럽네요,False,False,False,
일리윤 바디로션 대용량 무향 세라마이드 아토 580ml+300ml,5,향이 거의 없어서 맘에 들어요 뻑뻑하지 않아서 바를 때 부드럽게 잘 발라집니다 그래서인지 금방 흡수돼서,False,False,False,
일리윤 바디로션 대용량 무향 세라마이드 아토 580ml+300ml,5,다 떨어진지 모르고 급히 샀는데 무엇보다 하루만에 와서 너무 좋았어요. 감사합니다.,False,False,False,
일리윤 바디로션 대용량 무향 세라마이드 아토 580ml+300ml,5,"항상 발림성도 좋고 끈적임도 없어서 너무 좋아요!
향도 없어서 바디워시 향이 잘나서 만족스러워요",False,False,False,
일리윤 바디로션 대용량 무향 세라마이드 아토 580ml+300ml,5,"고보습 로션 중에는 가장 기름기가 적고 보송하게 발리는 것 같아요. 얼굴 로션을 굳이 따로 사기 귀찮아서 바디 겸 얼굴 로션으로 사용하는데 지성 피부임에도 번들거리지 않고 수분을 채워줘서 좋습니다. 자취생이 사기엔 좀 가격대가 있어서 할인할 때 쟁여두려고 하는 편입니다.

저렴하게 잘 사서 좋아용",False,False,False,
일리윤 바디로션 대용량 무향 세라마이드 아토 580ml+300ml,5,일리윤은 아터피가 심해지면서 무향을 찾다가 써보게 되었는데 너무 좋아서 바디 워시도 일리윤으로 바꿔서 몇년째 사용중이에요. 건조한 피부에 바르면 금방 흡수되고 향이 없어서 부담스럽지 않게 자주 사용할 수 있어 좋네요!,False,False,False,
일리윤 바디로션 대용량 무향 세라마이드 아토 580ml+300ml,5,"온가족이 사용하는 로션이예요
샤워후에도 자기전에도 얼굴부터 몸까지 한번에 바르고 순한제품이라 아이와 같이 사용할수있어 더 좋아요 우리집 장바구니템 중에 하나 일리윤 바디로션! 잘쓰고 있어요!!",False,True,False,
일리윤 바디로션 대용량 무향 세라마이드 아토 580ml+300ml,4,늘 쓰는 제품입니다. 너무 유분기 많은 크림은 못바르는데 이건 괜찮습니다.,False,False,False,
일리윤 바디로션 대용량 무향 세라마이드 아토 580ml+300ml,5,보습력이 좋으면서도 끈적이지 않고 발림성이 좋아요~,False,False,False,
일리윤 바디로션 대용량 무향 세라마이드 아토 580ml+300ml,5,피부가 예민해지면서 쓰기시작했는데 너무 좋아요~ 발림성좋고 무향이라 더좋아요,False,False,False,
일리윤 바디로션 대용량 무향 세라마이드 아토 580ml+300ml,5,"어머니께서 사계절 로션을 바르셔서 늘 구비해 놓습니다.
뽁뽁이로 야무지게 포장해 주셨네요.
빠른 배송 감사합니다~^^",False,False,False,
일리윤 바디로션 대용량 무향 세라마이드 아토 580ml+300ml,5,바디로션은 항상 일리윤만 사용합니다. 무향에 부드럽게 잘 발리고 민감성 피부에 트러블도 안나 만족합니다,False,False,False,
일리윤 바디로션 대용량 무향 세라마이드 아토 580ml+300ml,5,무향이고 성분이 좋아보여서 만족스럽습니다 로션 점도나 부드러움도 좋아요,True,False,False,
일리윤 바디로션 대용량 무향 세라마이드 아토 580ml+300ml,5,"올영에서 구매할까 하다가 여기가 올영보다 좀더 저렴한 것 같아서 구매했어요. 적은 양은 수영장에 두고 사용하고, 대용량은 소량 다 쓰면 덜어쓰려구요. 발림성도 매끄럽고 좋아요.",False,False,False,
일리윤 바디로션 대용량 무향 세라마이드 아토 580ml+300ml,5,원래 바디로션 바르기를 굉장히 귀찮아하는데 이건 부드럽고 향도 안나서 부담없이 바를 수 있어 좋아요👍🏻,False,False,False,
일리윤 바디로션 대용량 무향 세라마이드 아토 580ml+300ml,5,"여름에 바르기 좋아요
가벼운데 촉촉하고 가족들 다같이 바를 수 있어서 좋아요",False,False,False,
일리윤 바디로션 대용량 무향 세라마이드 아토 580ml+300ml,5,유통기한도 길고 안전하게 배송되었어요,False,False,False,
일리윤 바디로션 대용량 무향 세라마이드 아토 580ml+300ml,5,"끈적이지 않고 빠르게 흡수되어서 좋아요!
겨울용으로는 보습력이 조금 부족한것같은데 여름용으로 아쥬 딱입니다",False,False,False,
일리윤 바디로션 대용량 무향 세라마이드 아토 580ml+300ml,5,촉촉하고 발림성 좋고 흡수력도 좋아서 계속 쓰고 재구매합니다,False,False,False,
일리윤 바디로션 대용량 무향 세라마이드 아토 580ml+300ml,5,매번 쓰는 제품이라 대용량으로 구입했습니다. 무향이라 더 마음 편하게 사용합니다. 겨울에는 팔다리에 조금 더 발라주지만 그 외 계절은 한 번만 발라줘도 충분합니다. 흡수 잘 돼서 끈적이지 않아서 좋아요~!,False,False,False,
일리윤 바디로션 대용량 무향 세라마이드 아토 580ml+300ml,4,세라마이드 성분이 들어있어서 예민한 피부에 좋을것 같아요 용량도 많아서 부담없이 바르겠어요,True,False,False,
일리윤 바디로션 대용량 무향 세라마이드 아토 580ml+300ml,5,촉촉하고 끈적이지 않고 무향이라 제가 좋아합니다. 보습력도 좋아요. 매일매일 아주 만족스럽게 사용중입니다,False,False,False,
일리윤 바디로션 대용량 무향 세라마이드 아토 580ml+300ml,5,아이들 아기때부터 꾸준히 쓰고 있어요~ 금방 흡수되고 촉촉해서 좋아요~,False,False,False,
일리윤 바디로션 대용량 무향 세라마이드 아토 580ml+300ml,4,워낙 유명한 제품이라 유명하게 쓰고 있어요. 말이 필요 없어,False,False,False,
일리윤 바디로션 대용량 무향 세라마이드 아토 580ml+300ml,5,일루미 립 밤 사용해보고 괜찮은것 같아서 구매했습니다. 1주일 사용해봤는데 괜찮네요,False,False,False,
일리윤 바디로션 대용량 무향 세라마이드 아토 580ml+300ml,5,너무 좋아요~ 민감성피부인데 잘 쓰고 있습니다,False,False,False,
일리윤 바디로션 대용량 무향 세라마이드 아토 580ml+300ml,4,"아직 사용전이어서 정확히는 모르겠지만 리뷰가 많고, 좋으니 괜찮겠지요. 여름철 보습을 위해 구매했어요. 유통기한도 넉넉하니 좋습니다.",False,False,False,
일리윤 바디로션 대용량 무향 세라마이드 아토 580ml+300ml,5,항상 이것만 써요 순하고 무향이라 좋습니다,False,False,False,
일리윤 바디로션 대용량 무향 세라마이드 아토 580ml+300ml,5,"피부에 자극 없이 순하고 성분 좋은, 용기도 펌핑이라 간편해서 떨어질때쯤 계속해서 몇년째 구매중입니다. 아기와 함께 사용하고 있는데 순해서 정말 좋아요. 온가족템이에요.",True,True,True,자극없음(긍정)
일리윤 바디로션 대용량 무향 세라마이드 아토 580ml+300ml,5,"일리윤 바디워시 사용중이에요. 연세 많으신시어머님 몸이 건조해서 여기저기 가렵다고하셔서 순한제품 찾다가 발견 ,
결과는 아주 효과가 좋아요. 요즘은 가렵다는 말씀이 없어요.  얼굴부터 몸 전체 다 바르고 있어요 만족합니다",False,True,False,
일리윤 바디로션 대용량 무향 세라마이드 아토 580ml+300ml,5,성분 좋고 발림성 좋아 늘 쓰는 바디로션이에요. 마침 라이브 행사로 싸게 잘 샀어요.,True,False,False,
일리윤 바디로션 대용량 무향 세라마이드 아토 580ml+300ml,5,아이들 바디로션으로 항상 사용하는 제품인데 촉촉하고 끈적하지 않아서 좋아요.,False,False,False,
일리윤 바디로션 대용량 무향 세라마이드 아토 580ml+300ml,4,아이들과 함께 쓰려고 구매했습니다 . 대용량에 가격까지 좋아 가성비가 좋네요 .  다른건 다 좋은데 바르고 나면 흡수하는데 시간이 조금 걸리는거 같아요 . 살짝 유분감이 있어요 .  많이 건조하거나 겨울에 더 알맞을거 같아요 <,False,False,False,
일리윤 바디로션 대용량 무향 세라마이드 아토 580ml+300ml,5,배송도 빠르고 좋아요 감사합니다 선생님 주말잘보내세요 ㅋㅋ 네 선생님 감사합니다 ㅎㅎ 감사합니다,False,False,False,
일리윤 바디로션 대용량 무향 세라마이드 아토 580ml+300ml,5,"피부가 너무 민감해서 구입했는데
저렴하게 잘 샀어요!
묽을 줄 알았는데 점도가 있네요",False,False,False,
일리윤 바디로션 대용량 무향 세라마이드 아토 580ml+300ml,5,보습력도 좋고 발림성도 좋고 자극적인향도 없어 항상 쓰는제품이에요.,False,False,True,자극없음(긍정)
일리윤 바디로션 대용량 무향 세라마이드 아토 580ml+300ml,5,일리윤만 써요 이거가 트러블 안나서좋아요,False,False,False,
일리윤 바디로션 대용량 무향 세라마이드 아토 580ml+300ml,5,항상쓰는제품이에요 얼굴과 몸에 다 사용할 수 있어서 너무 마음에 들어요,False,False,False,
일리윤 바디로션 대용량 무향 세라마이드 아토 580ml+300ml,5,가끔 다른 제품도 사용하지만 이 제품은 항상 기본값으로 쟁여두게 되네요. 특별히 거슬리는 것 없이 데일리로 사용하기에 무난하게 좋습니다.,False,False,False,
일리윤 바디로션 대용량 무향 세라마이드 아토 580ml+300ml,5,무향이고 발림성이 좋아서 부담없이 바르기 좋아요!,False,False,False,
일리윤 바디로션 대용량 무향 세라마이드 아토 580ml+300ml,5,계속  사용하는 제품입니다. 부드럽고 흡수 잘되서 좋아요.,False,False,False,
일리윤 바디로션 대용량 무향 세라마이드 아토 580ml+300ml,5,평이 좋아서 처음 구매했는데 크리미한 제형입니다. 부드럽게 발리고 촉촉합니다.,False,False,False,
일리윤 바디로션 대용량 무향 세라마이드 아토 580ml+300ml,5,"아기부터 온 가족이 함께써요
보습력 좋아요",False,False,False,
일리윤 바디로션 대용량 무향 세라마이드 아토 580ml+300ml,5,"두번째 주문했어요~ 아이들과 잘 사용중입니다~ 
가볍게 바르기 좋은거 같아요!",False,False,False,
일리윤 바디로션 대용량 무향 세라마이드 아토 580ml+300ml,5,"겨울에는 회색, 지금 같이 더워질땐 아토로 번갈아가며 잘 씁니다 ㅎㅎ
아이들한테도 순하고, 제 피부에도 너무 잘맞아서 로션은 일리윤만 써요 ㅎㅎ",False,False,False,
일리윤 바디로션 대용량 무향 세라마이드 아토 580ml+300ml,5,우리집 아이들 고등학생인데 요거 바릅니다~~얼굴이랑 몸 한번에 해결~~좋아요,False,False,False,
일리윤 바디로션 대용량 무향 세라마이드 아토 580ml+300ml,5,"항상 쓰는 제품 저렴하게
구매했습니다. 배송도 빠르고 포장도 깔끔했어요~~
잘 쓰겠습니다.",False,False,False,
일리윤 바디로션 대용량 무향 세라마이드 아토 580ml+300ml,4,"당일 배송이라 밤 늦게 도착해서 바로 사용 가능했고, 상품 좋아요!!",False,False,False,
일리윤 바디로션 대용량 무향 세라마이드 아토 580ml+300ml,5,일리윤은 워낙 유명하죠. 보습력 좋고 무향이라서 거부감없고 좋아요,False,False,False,
일리윤 바디로션 대용량 무향 세라마이드 아토 580ml+300ml,5,좋다는 말만 듣다가 이번에 첨으로 사봤는데 좋아요 잘 발리니깐 몸에 바르기도 편하고 촉촉하지만 축축하지는 않아서 좋아요,False,False,False,
일리윤 바디로션 대용량 무향 세라마이드 아토 580ml+300ml,5,"끈적임 적고 무향에 너무 촉촉해요 
건성에 건조할때 가려운데 이거 바르고 
가려움 안녕 했어요",False,False,False,
일리윤 바디로션 대용량 무향 세라마이드 아토 580ml+300ml,5,"아이들과 몇 년째 사용중입니다.
일리윤 제품만한개 없네요~ 최고!",False,False,False,
일리윤 바디로션 대용량 무향 세라마이드 아토 580ml+300ml,5,늘 사용하는.제품이에요. 순하고 촉촉해요,False,False,False,
일리윤 바디로션 대용량 무향 세라마이드 아토 580ml+300ml,5,"어제 주문 했는데 저녁에 도착해서 빠른 배송에 놀라고, 감사했어요. 워낙 유명한 제품이기도 하고 아기때부터 꾸준하게 사숑하는 제품이에요",False,False,False,
일리윤 바디로션 대용량 무향 세라마이드 아토 580ml+300ml,5,늘 쓰는 바디로션이예요. 촉촉하고 발림성도 좋아서 좋습니다!,False,False,False,
일리윤 바디로션 대용량 무향 세라마이드 아토 580ml+300ml,5,아이가 경미한 아토피가 있는데 일리윤 로션이 좋다고해서 사보았습니다. 즉각적인 효과는 좀더 지켜봐야겠지만 촉촉하고 발림성이 좋아서 아이도 좋아합니다! 끈적거리지않아서 여름에 발라도좋아요,False,False,False,
일리윤 바디로션 대용량 무향 세라마이드 아토 580ml+300ml,5,다른 로션 써보니까 확실히 일리윤 로션이 부드럽게 잘 발리고 무겁지 않아서 여름에 쓰기 좋네요!,False,False,False,
일리윤 바디로션 대용량 무향 세라마이드 아토 580ml+300ml,5,아기 매일 발라주기에 순하고 좋은 로션같아요! 여름에는 이걸로 정착하랴구요,False,False,False,
일리윤 바디로션 대용량 무향 세라마이드 아토 580ml+300ml,5,"순한제품 찾다가 일리윤 정착!
순하고 좋아요 올영보다 더 저렴하게 구매 햇어욤 굿",False,True,False,
일리윤 바디로션 대용량 무향 세라마이드 아토 580ml+300ml,5,늘 사용하는 우리가족 피부지킴이입니다. 빠른 배송 좋은 품질 대만족입니다.,False,False,False,
일리윤 바디로션 대용량 무향 세라마이드 아토 580ml+300ml,4,가성비 좋대서 사보앗는데 생각보다 엄청 묽어요 바르기는 편한데 보습이 그만큼 떨어질까 걱정인데.. 더워지니까 또 무난한거같기도하고 끝까지 써볼게용,False,False,False,
일리윤 바디로션 대용량 무향 세라마이드 아토 580ml+300ml,5,"온 가족이 잘 쓰고 있습니다.
피부 민감한데 부드럽고 향도 진하지 않아 좋은거 같아요",False,False,False,
일리윤 바디로션 대용량 무향 세라마이드 아토 580ml+300ml,5,일리윤 좋다는 평이 많아서 사보게 됬어요 보습이 좋다고 하니 건조한 아이피부에 좋기를!!,False,False,False,
일리윤 바디로션 대용량 무향 세라마이드 아토 580ml+300ml,5,항상 사용하는 바디로션입니다. 향이 없고 발림성이 좋고 순해서 매번 사용하고 있어요. 악건성이러 겨울철에는 리치한걸로 씁니다. 작은통은 회사에서 핸드크림 대용으로 사용하고 있어요. 추천입니다 !,False,True,False,
일리윤 바디로션 대용량 무향 세라마이드 아토 580ml+300ml,5,"당일 배송 될줄이야 
싸게 잘 샀어요
다쓰면 또 구매하겠습니다",False,False,False,
